x,y,th,stamp
0.0007002273625963359,0.0,0.0010041464217651853,"builtin_interfaces.msg.Time(sec=1743696320, nanosec=724924267)"
